fid,API,API_County,API_Seq,API_Label,Operat_Num,Operator,Well_Num,Well_Name,Well_Title,Citing_Typ,Spud_Date,Ground_Ele,Max_MD,Max_TVD,Field_Code,Field_Name,Facil_Id,Facil_Type,Facil_Stat,Well_Class,Stat_Date,Loc_Qual,Loc_ID,Loc_Name,Dist_N_S,Dir_N_S,Dist_E_W,Dir_E_W,Qtr_Qtr,Section,Township,Range,Meridian,Latitude,Longitude,Utm_X,Utm_Y,depth_m,production
7,"05706609","057","06609","05-057-06609",10598,SANDRIDGE EXPLORATION & PRODUCTION LLC,5-11H14,Boyer Ridge 0781,5-11H14 Boyer Ridge 0781,,,8159,,,99999,WILDCAT,454048,WELL,EP,LO,2020/02/14,PLANNED LatLong,437074,Grizzly 0781 S11 Pad,396,N,2421,E,NWNE,"11",7N,81W,"6",40.598573,-106.452888,377070,4495211,1484,215.959229219282
9,"05706277","057","06277","05-057-06277",13320,CANAAN OIL & GAS INC,"4",DODGE RANCH,4 DODGE RANCH,,,8071,,,10100,CANADIAN RIVER,212384,WELL,PA,DA,1983/01/10,Planned Footage,383986,DODGE RANCH-69N78W 13SENE,1711,N,1050,E,SENE,"13",9N,78W,"6",40.751493,-106.091966,407819,4511744,935,157.144199654087
20,"05706396","057","06396","05-057-06396",63270,"NIELSON & ASSOCIATES, INC","152",MCCALLUM,152 MCCALLUM,,,8087,,,53300,MCCALLUM,257511,WELL,AL,LO,2003/04/08,Planned Footage,384061,MCCALLUM-610N79W 34SESE,203,S,562,E,SESE,"34",10N,79W,"6",40.787702,-106.243241,395106,4515934,853,144.478938926115
22,"05706538","057","06538","05-057-06538",10805,FULCRUM ENERGY OPERATING LLC,3-36H,Grizzly,3-36H Grizzly,,,8188,,,99999,WILDCAT,442187,WELL,AL,LO,2019/04/16,PLANNED LatLong,442188,Grizzly 3-36H,215,N,1213,W,NWNW,"36",8N,81W,"6",40.628724,-106.439683,378242,4498539,771,98.9191382137856
23,"05705117","057","05117","05-057-05117",19162,CONOCO INC,"16",MCCALLUM UNIT,16 MCCALLUM UNIT,,,8201,,,53300,MCCALLUM,212065,WELL,PA,GW,1994/06/15,Planned Footage,383768,MCCALLUM UNIT-69N79W 3NENW,655,N,1984,W,NENW,"3",9N,79W,"6",40.785502,-106.253492,394237,4515702,1207,207.575272100428
24,"05706225","057","06225","05-057-06225",19160,CONOCO PHILLIPS COMPANY,"3",SO MCCALLUM FEDERAL 17,3 SO MCCALLUM FEDERAL 17,,,8163,,,53450,MCCALLUM SOUTH,212332,WELL,AL,LO,1981/03/23,Planned Footage,383945,SO MCCALLUM FEDERAL 17-69N78W 17NENW,780,N,1620,W,NENW,"17",9N,78W,"6",40.754303,-106.178069,400555,4512150,1262,209.882062865488
27,"05705052","057","05052","05-057-05052",100241,SHARPLES OIL,"1",H E DODGE,1 H E DODGE,,,8064,,,99999,WILDCAT,212006,WELL,PA,DA,1961/04/10,Planned Footage,383723,H E DODGE-69N78W 13SWNE,1979,N,1994,E,SWNE,"13",9N,78W,"6",40.750758,-106.095332,407534,4511666,928,71.2800060738249
28,"05706600","057","06600","05-057-06600",10598,SANDRIDGE EXPLORATION & PRODUCTION LLC,3-23H35,REU 0681,3-23H35 REU 0681,,,8308,,,99999,WILDCAT,449277,WELL,AL,LO,2019/04/16,PLANNED LatLong,449274,Rabbit Ears 0681 23,1659,N,2325,E,SWNE,"23",6N,81W,"6",40.477156,-106.454289,376729,4481735,1312,86.1695868306857
29,"05706423","057","06423","05-057-06423",63270,"NIELSON & ASSOCIATES, INC",21-1N,SOUTH MCCALLUM,21-1N SOUTH MCCALLUM,,,8247,,,53300,MCCALLUM,261664,WELL,AL,LO,2005/05/09,Planned Footage,384075,SOUTH MCCALLUM-69N78W 21SENW,1440,N,2585,W,SENW,"21",9N,78W,"6",40.737733,-106.155388,402445,4510286,866,128.171533324965
30,"05706578","057","06578","05-057-06578",10805,FULCRUM ENERGY OPERATING LLC,10-18H,Hebron 0780,10-18H Hebron 0780,,,8208,,,60120,NORTH PARK HORIZONTAL NIOBRARA,447511,WELL,EP,LO,2025/08/21,PLANNED LatLong,447512,Open Range 18,276,S,305,W,Lot 4,"18",7N,80W,"6",40.571183,-106.424117,379455,4492131,1403,94.1637752097198
32,"05706596","057","06596","05-057-06596",10598,SANDRIDGE EXPLORATION & PRODUCTION LLC,1-1H36,Grizzly 0881,1-1H36 Grizzly 0881,,,8130,,,99999,WILDCAT,448973,WELL,AL,LO,2020/03/03,PLANNED LatLong,448834,Grizzly Hebron 12 0881,560,N,4,W,Lot 1,"7",7N,80W,"6",40.598147,-106.425178,379413,4495125,757,132.807922186493
37,"05706559","057","06559","05-057-06559",10805,FULCRUM ENERGY OPERATING LLC,1-6H31,Golden Eye 0780,1-6H31 Golden Eye 0780,,,8130,,,60120,NORTH PARK HORIZONTAL NIOBRARA,446423,WELL,AL,LO,2022/09/16,PLANNED LatLong,413754,HEBRON/MARR 7,428,N,2418,E,NWNE,"7",7N,80W,"6",40.598286,-106.415675,380218,4495128,860,124.983885469398
41,"05706505","057","06505","05-057-06505",95245,WELLSTAR CORPORATION,3-2,BUSH DRAW FEDERAL,3-2 BUSH DRAW FEDERAL,,,8412,,,99999,WILDCAT,414671,WELL,AL,LO,2016/12/20,PLANNED LatLong,426292,BUSH DRAW FEDERAL 3-2,676,S,725,W,SWSW,"3",8N,78W,"6",40.687725,-106.13817,403827,4504715,964,90.835871306652
47,"05706222","057","06222","05-057-06222",19162,CONOCO INC,"1",SO MCCALLUM FEDERAL,1 SO MCCALLUM FEDERAL,,,8398,,,53450,MCCALLUM SOUTH,212329,WELL,AL,LO,1985/01/15,Planned Footage,383942,SO MCCALLUM FEDERAL-69N78W 28SENE,1675,N,563,E,SENE,"28",9N,78W,"6",40.72271,-106.147755,403068,4508609,1025,106.538705040743
48,"05706522","057","06522","05-057-06522",10598,SANDRIDGE EXPLORATION & PRODUCTION LLC,1-05H,JANET,1-05H JANET,,,8094,,,99999,WILDCAT,434833,WELL,AL,LO,2019/03/08,PLANNED LatLong,434832,Janet 1-05H,194,N,620,E,Lot 1,"5",7N,80W,"6",40.614621,-106.389532,382458,4496906,1253,117.053768459855
51,"05706335","057","06335","05-057-06335",69770,PETROSTATES RESOURCES INC,1-18,PEEP ETAL,1-18 PEEP ETAL,,,8114,,,53450,MCCALLUM SOUTH,212442,WELL,AL,LO,1985/04/04,Planned Footage,384025,PEEP ETAL-69N78W 18NENE,1108,N,850,E,NENE,"18",9N,78W,"6",40.753623,-106.186969,399802,4512085,1150,135.715773556072
53,"05705148","057","05148","05-057-05148",1,UNKNOWN,"2",HILL,2 HILL,,,8200,1245,0,99999,WILDCAT,212096,WELL,PA,DA,1999/01/01,PLANNED Footage,383801,HILL-611N81W 33NWNW,0,,0,,NWNW,"33",11N,81W,"6",40.889339,-106.505789,373147,4527564,1133,208.615010106282
57,"05706489","057","06489","05-057-06489",10232,LARAMIE ENERGY II LLC,"02-02",ILLINOIS RANCH,"02-02 ILLINOIS RANCH",,,8419,,,99999,WILDCAT,412126,WELL,AL,LO,2011/06/16,PLANNED LatLong,413441,ILLINOIS RANCH 02-02,709,N,2371,E,Lot 2,"2",6N,79W,"6",40.524466,-106.224439,396285,4486691,736,101.858031735527
59,"05706477","057","06477","05-057-06477",95245,WELLSTAR CORPORATION,9-1,FEDERAL,9-1 FEDERAL,,,8416,,,99999,WILDCAT,298540,WELL,AL,LO,2016/12/20,PLANNED LatLong,324762,FEDERAL 9-1,2056,N,2026,E,SWNE,"9",8N,78W,"6",40.680322,-106.148361,402955,4503905,1224,167.367825411309
69,"05706184","057","06184","05-057-06184",90680,TWENTIETH CENTURY CORP,"1",JERONIMUS-BECHTOLD STATE,1 JERONIMUS-BECHTOLD STATE,,,8071,540,,10100,CANADIAN RIVER,212291,WELL,PA,DA,1983/09/13,Planned Footage,383911,JERONIMUS-BECHTOLD STATE-69N78W 12SWNW,2310,N,330,W,SWNW,"12",9N,78W,"6",40.764423,-106.106187,406637,4513195,1155,119.850651401008
70,"05705034","057","05034","05-057-05034",47875,KINGWOOD OIL CO,"4",HOYE--FEDERAL,4 HOYE--FEDERAL,,,8312,5680,,53450,MCCALLUM SOUTH,211989,WELL,PA,GW,1966/07/14,Planned Footage,383708,HOYE--FEDERAL-69N78W 27NESW,2313,S,2310,W,NESW,"27",9N,78W,"6",40.719114,-106.137517,403927,4508199,1463,94.211824929622
72,"05705088","057","05088","05-057-05088",100207,CONTINENTAL OIL COMPANY,"1",POLLACK,1 POLLACK,,,8217,4900,,53300,MCCALLUM,212040,WELL,PA,DA,1927/12/31,Planned Footage,383759,POLLACK-69N79W 2SESE,660,S,660,E,SESE,"2",9N,79W,"6",40.774605,-106.22535,396595,4514459,846,73.8597344033257
73,"05706608","057","06608","05-057-06608",10805,FULCRUM ENERGY OPERATING LLC,1-6H31,Marr 0780,1-6H31 Marr 0780,,,8130,,,60120,NORTH PARK HORIZONTAL NIOBRARA,452919,WELL,EP,LO,2021/03/02,PLANNED LatLong,413754,HEBRON/MARR 7,386,N,2400,E,NWNE,"7",7N,80W,"6",40.5984,-106.415608,380224,4495140,743,40.639609913976
76,"05706419","057","06419","05-057-06419",63270,"NIELSON & ASSOCIATES, INC",11-1N,MCCALLIUM,11-1N MCCALLIUM,,,8166,,,53300,MCCALLUM,261596,WELL,AL,LO,2005/05/09,Planned Footage,384071,MCCALLIUM-69N79W 11NENE,1050,N,850,E,NENE,"11",9N,79W,"6",40.769922,-106.226271,396510,4513940,745,110.811533071655
81,"05706175","057","06175","05-057-06175",27088,EMPIRE DRILLING COMPANY,"1",EMPIRE STATE,1 EMPIRE STATE,,,7965,3980,,99999,WILDCAT,212282,WELL,PA,DA,1982/08/27,Planned Footage,383902,EMPIRE STATE-610N79W 16SWNW,1980,N,660,W,SWNW,"16",10N,79W,"6",40.840791,-106.275293,392487,4521866,1074,141.846611326372
90,"05706274","057","06274","05-057-06274",13320,CANAAN OIL & GAS INC,"1",DODGE RANCH,1 DODGE RANCH,,,8067,,,10100,CANADIAN RIVER,212381,WELL,PA,DA,1983/01/10,Planned Footage,383983,DODGE RANCH-69N78W 13SENE,2353,N,1153,E,SENE,"13",9N,78W,"6",40.749733,-106.092336,407785,4511549,811,144.862124895265
91,"05706401","057","06401","05-057-06401",63270,"NIELSON & ASSOCIATES, INC",UNIT 140,MCCALLUM,UNIT 140 MCCALLUM,,,8157,,,53300,MCCALLUM,257616,WELL,AL,LO,2005/05/03,Planned Footage,384063,MCCALLUM-69N79W 2NWSW,1563,S,1048,W,NWSW,"2",9N,79W,"6",40.777372,-106.239041,395444,4514782,1095,168.775810244078
101,"05706358","057","06358","05-057-06358",52480,MADRID* LOUIS S,"1",EAGLE HILL,1 EAGLE HILL,,,8029,,,99999,WILDCAT,212464,WELL,AL,LO,1991/10/21,Planned Footage,384042,EAGLE HILL-610N79W 9SESW,1100,N,2360,E,SESW,"9",10N,79W,"6",40.857711,-106.266523,393253,4523734,1364,269.303248391571
102,"05706034","057","06034","05-057-06034",19162,CONOCO INC,"53",MCCALLUM UNIT,53 MCCALLUM UNIT,,,8077,,,53300,MCCALLUM,212141,WELL,PA,DA,1986/07/30,ACTUAL LatLong,324724,MCCALLUM UNIT-610N79W 34SESE,840,S,400,E,SESE,"34",10N,79W,"6",40.78942,-106.24256,395166,4516124,1246,150.8331691016
107,"05706635","057","06635","05-057-06635",10805,FULCRUM ENERGY OPERATING LLC,9-4H,SU 0680,9-4H SU 0680,,,8267,,,60120,NORTH PARK HORIZONTAL NIOBRARA,484564,WELL,AL,,2024/08/15,PLANNED LatLong,445005,Surprise Unit 0680 S9,521,N,1751,W,NENW,"9",6N,80W,"6",40.510281,-106.384214,382726,4485316,1458,135.946613999456
112,"05706043","057","06043","05-057-06043",100207,CONTINENTAL OIL COMPANY,"62",MCCALLUM UNIT,62 MCCALLUM UNIT,,,,,,53300,MCCALLUM,212150,WELL,AL,LO,1973/03/14,Planned Footage,383819,MCCALLUM UNIT-610N79W 34SENW,2200,N,1850,W,SENW,"34",10N,79W,"6",40.795602,-106.253392,394262,4516823,736,116.047131299305
115,"05706560","057","06560","05-057-06560",10598,SANDRIDGE EXPLORATION & PRODUCTION LLC,5-16H,Ray Ranch 0780,5-16H Ray Ranch 0780,,,8133,,,99999,WILDCAT,446804,WELL,AL,LO,2019/04/02,PLANNED LatLong,446527,Pintail 16,1356,S,1627,W,NESW,"16",7N,80W,"6",40.573971,-106.382214,383007,4492384,998,112.705095995438
120,"05706591","057","06591","05-057-06591",10598,SANDRIDGE EXPLORATION & PRODUCTION LLC,3-1H36,Grizzly 0881,3-1H36 Grizzly 0881,,,8130,,,99999,WILDCAT,448967,WELL,AL,LO,2020/03/03,PLANNED LatLong,448834,Grizzly Hebron 12 0881,560,N,26,E,NENE,"12",7N,81W,"6",40.598147,-106.425286,379404,4495125,1397,271.399994362921
121,"05706002","057","06002","05-057-06002",3100,ANSCHUTZ CORP0RATION* THE,"1",BLEVINS,1 BLEVINS,,,,,,10100,CANADIAN RIVER,212110,WELL,AL,LO,1969/03/17,Planned Footage,383803,BLEVINS-69N78W 11NENW,945,N,1658,W,NENW,"11",9N,78W,"6",40.768293,-106.120277,405453,4513640,1033,108.532469249954
124,"05706416","057","06416","05-057-06416",63270,"NIELSON & ASSOCIATES, INC",8-2N,SOUTH MCCALLUM,8-2N SOUTH MCCALLUM,,,8124,,,53300,MCCALLUM,261601,WELL,AL,LO,2004/01/21,Planned Footage,384068,SOUTH MCCALLUM-69N78W 8SESW,400,S,2550,W,SESW,"8",9N,78W,"6",40.757543,-106.174709,400843,4512506,920,65.8128742530895
128,"05706592","057","06592","05-057-06592",10598,SANDRIDGE EXPLORATION & PRODUCTION LLC,14-12H13,Peters 0781,14-12H13 Peters 0781,,,8130,,,99999,WILDCAT,448968,WELL,AL,LO,2020/03/03,PLANNED LatLong,448834,Grizzly Hebron 12 0881,710,N,11,E,NENE,"12",7N,81W,"6",40.597736,-106.425231,379408,4495080,908,149.540017255362
135,"05706366","057","06366","05-057-06366",86900,TEXACO EXPLORATION AND PRODUCTION INC,27-1,TEPI GOV'T AS,27-1 TEPI GOV'T AS,,,8392,2832,0,99999,WILDCAT,212472,WELL,PA,DA,1992/08/18,Planned Footage,384046,TEPI GOV'T AS-611N81W 27SESW,300,S,1400,W,SESW,"27",11N,81W,"6",40.89203,-106.48359,375022,4527831,1500,95.5323496279573
136,"05706646","057","06646","05-057-06646",10805,FULCRUM ENERGY OPERATING LLC,7S-4H9,Janet 0780,7S-4H9 Janet 0780,,,8098,,,60120,NORTH PARK HORIZONTAL NIOBRARA,487607,WELL,AP,,2024/08/19,PLANNED LatLong,487288,Janet 0780 S5,378,N,919,E,NENE,"5",7N,80W,"6",40.614115,-106.390632,382364,4496851,1105,201.267985479171
138,"05706457","057","06457","05-057-06457",8960,BONANZA CREEK ENERGY OPERATING COMPANY LLC,196-S,MCCALLUM UNI,196-S MCCALLUM UNI,,,8201,,,53300,MCCALLUM,278549,WELL,AL,LO,2011/04/19,Planned Footage,311733,MCCALLUM UNI-69N79W 3NWNE,395,N,1833,E,NWNE,"3",9N,79W,"6",40.786132,-106.248021,394700,4515765,1113,104.805243755988
139,"05706528","057","06528","05-057-06528",10598,SANDRIDGE EXPLORATION & PRODUCTION LLC,6-11H14,Boyer Ridge 0781,6-11H14 Boyer Ridge 0781,,,8159,,,99999,WILDCAT,437075,WELL,EP,LO,2020/02/14,PLANNED LatLong,437074,Grizzly 0781 S11 Pad,381,N,2421,E,NWNE,"11",7N,81W,"6",40.598614,-106.452889,377070,4495215,769,50.0408132717954
143,"05706503","057","06503","05-057-06503",27742,EOG RESOURCES INC,3-30H,CASTLE,3-30H CASTLE,,,8182,,,85251,UNNAMED,413068,WELL,AL,LO,2016/05/26,PLANNED LatLong,414109,CASTLE 3-30H,1500,S,140,E,NESE,"30",7N,80W,"6",40.545219,-106.407806,380789,4489226,781,45.601673989249
144,"05706564","057","06564","05-057-06564",10598,SANDRIDGE EXPLORATION & PRODUCTION LLC,7-16H,Ray Ranch 0780,7-16H Ray Ranch 0780,,,8137,,,99999,WILDCAT,446808,WELL,AL,LO,2019/04/02,PLANNED LatLong,446527,Pintail 16,1326,S,1628,W,NESW,"16",7N,80W,"6",40.573889,-106.382213,383007,4492374,1212,86.613793767385
149,"05706516","057","06516","05-057-06516",27742,EOG RESOURCES INC,"01-05H",Indian Creek,"01-05H Indian Creek",,,8614,,,99999,WILDCAT,426358,WELL,AL,LO,2016/05/26,PLANNED LatLong,426363,Indian Creek 01-05H,220,S,2020,E,SWSE,"5",6N,78W,"6",40.512519,-106.166042,401214,4485297,1135,93.7822767028551
153,"05706549","057","06549","05-057-06549",10805,FULCRUM ENERGY OPERATING LLC,3-17H20,Castle 0780,3-17H20 Castle 0780,,,8149,,,60120,NORTH PARK HORIZONTAL NIOBRARA,444876,WELL,EP,LO,2025/08/14,PLANNED LatLong,324757,Mutual 0780 S17 Pad,337,N,583,W,NWNW,"17",7N,80W,"6",40.583835,-106.405024,381093,4493509,1103,112.227126765049
155,"05706010","057","06010","05-057-06010",46290,KP KAUFFMAN COMPANY INC,"38",MCCALLUM UNIT,38 MCCALLUM UNIT,,,8206,311,311,53300,MCCALLUM,212117,WELL,PR,OW,2015/03/01,ACTUAL LatLong,324598,MCCALLUM UNIT-69N79W 2SENW,1980,N,1650,W,SENW,"2",9N,79W,"6",40.781556,-106.236889,395632,4515244,1440,148.964134180778
156,"05706198","057","06198","05-057-06198",19162,CONOCO INC,5/29/1980,MCCALLUM UNIT,5/29/1980 MCCALLUM UNIT,,,8252,,,53300,MCCALLUM,212305,WELL,AL,LO,1984/01/23,Planned Footage,383918,MCCALLUM UNIT-69N79W 13NWNW,597,N,582,W,NWNW,"13",9N,79W,"6",40.756493,-106.22135,396904,4512443,1298,244.618016751807
158,"05706561","057","06561","05-057-06561",10598,SANDRIDGE EXPLORATION & PRODUCTION LLC,6-16H,Ray Ranch 0780,6-16H Ray Ranch 0780,,,8136,,,99999,WILDCAT,446805,WELL,AL,LO,2019/04/02,PLANNED LatLong,446527,Pintail 16,1341,S,1627,W,NESW,"16",7N,80W,"6",40.57393,-106.382214,383007,4492379,942,142.088023145178
159,"05706134","057","06134","05-057-06134",100236,OILTECH INC,1-A,NORTHWEST BATTLESHIP,1-A NORTHWEST BATTLESHIP,,,,,,99999,WILDCAT,212241,WELL,AL,LO,1977/12/20,Planned Footage,383879,NORTHWEST BATTLESHIP-610N79W 17NENE,0,,0,,NENE,"17",10N,79W,"6",40.844511,-106.279953,392100,4522285,911,72.1157602904029
165,"05706649","057","06649","05-057-06649",10805,FULCRUM ENERGY OPERATING LLC,2-10 SWD,Alcorn 0880,2-10 SWD Alcorn 0880,,,8124,,,99999,WILDCAT,491844,WELL,AP,,2025/10/20,PLANNED LatLong,463987,PRU Alcorn 0880 S10 Pad,628,N,2164,E,NWNE,"10",8N,80W,"6",40.685585,-106.357385,385299,4504741,1478,254.903196578272
167,"05706514","057","06514","05-057-06514",8960,BONANZA CREEK ENERGY OPERATING COMPANY LLC,44-18,Culver,44-18 Culver,,,8335,,,99999,WILDCAT,424505,WELL,AL,LO,2014/03/06,PLANNED LatLong,424504,Culver 44-18,348,S,696,E,SESE,"18",8N,78W,"6",40.65797,-106.18135,400134,4501460,827,86.0331972937035
173,"05706637","057","06637","05-057-06637",10805,FULCRUM ENERGY OPERATING LLC,10S-4H9,Janet 0780,10S-4H9 Janet 0780,NOTICE,2025/09/17,8098,,,60120,NORTH PARK HORIZONTAL NIOBRARA,487598,WELL,DG,,2025/09/17,PLANNED LatLong,487288,Janet 0780 S5,378,N,859,E,NENE,"5",7N,80W,"6",40.614117,-106.390416,382383,4496851,1199,64.9590767221981
180,"05706228","057","06228","05-057-06228",19162,CONOCO INC,"111",MCCALLUM UNIT,111 MCCALLUM UNIT,,,8122,,,53300,MCCALLUM,212335,WELL,AL,LO,1981/10/27,Planned Footage,383947,MCCALLUM UNIT-69N79W 3NESE,1429,S,324,E,NESE,"3",9N,79W,"6",40.777092,-106.244051,395020,4514757,1306,198.006646462282
181,"05706527","057","06527","05-057-06527",10598,SANDRIDGE EXPLORATION & PRODUCTION LLC,3-32H,Spicer-Frontier,3-32H Spicer-Frontier,,,8225,,,85251,UNNAMED,437073,WELL,AL,LO,2016/05/10,PLANNED LatLong,324754,SPICER PAD,607,S,786,W,SWSW,"32",7N,80W,"6",40.528256,-106.404319,381055,4487338,1489,170.746569404287
182,"05706647","057","06647","05-057-06647",10805,FULCRUM ENERGY OPERATING LLC,1-32D SWD,Lupine 0880,1-32D SWD Lupine 0880,,,8124,,,60120,NORTH PARK HORIZONTAL NIOBRARA,489246,WELL,AP,,2025/02/10,PLANNED LatLong,436642,Ray Ranch North 0880 S32 CTB,1118,S,1623,W,SESW,"32",8N,80W,"6",40.61823,-106.40048,381539,4497321,1458,217.313487772033
184,"05706572","057","06572","05-057-06572",10805,FULCRUM ENERGY OPERATING LLC,7-8H,Mutual 0780,7-8H Mutual 0780,,,8118,,,60120,NORTH PARK HORIZONTAL NIOBRARA,446919,WELL,EP,OW,2025/06/30,PLANNED LatLong,439603,Gregory 0780 S9 Pad,502,S,200,W,SWSW,"9",7N,80W,"6",40.586091,-106.387286,382599,4493736,1017,102.40423994341
185,"05706500","057","06500","05-057-06500",10232,LARAMIE ENERGY II LLC,"01-08",ILLINOIS RANCH,"01-08 ILLINOIS RANCH",,,8479,,,99999,WILDCAT,413031,WELL,AL,LO,2011/06/16,PLANNED LatLong,414171,ILLINOIS RANCH 01-08,1837,N,1175,E,SENE,"1",6N,79W,"6",40.521357,-106.201068,398260,4486318,700,81.1803960149955
213,"05706494","057","06494","05-057-06494",10805,FULCRUM ENERGY OPERATING LLC,4-12H,MARR,4-12H MARR,,,8133,,,85251,UNNAMED,412827,WELL,AL,LO,2015/03/10,PLANNED LatLong,413908,Hebron 3-12H,993,N,315,E,NENE,"12",7N,81W,"6",40.596956,-106.426328,379314,4494995,723,37.8063469444005
214,"05706632","057","06632","05-057-06632",10805,FULCRUM ENERGY OPERATING LLC,3-4H,SU 0680,3-4H SU 0680,,,8267,,,60120,NORTH PARK HORIZONTAL NIOBRARA,484561,WELL,AL,,2024/08/15,PLANNED LatLong,445005,Surprise Unit 0680 S9,605,N,1613,W,NENW,"9",6N,80W,"6",40.510055,-106.384712,382684,4485292,1008,92.7554001546365
217,"05706295","057","06295","05-057-06295",46290,KP KAUFFMAN COMPANY INC,"111",MCCALLUM UNIT,111 MCCALLUM UNIT,,,8088,1010,1010,53300,MCCALLUM,212402,WELL,PR,OW,2021/09/01,ACTUAL LatLong,324678,MCCALLUM UNIT-610N79W 34NWSE,2402,S,2240,E,NWSE,"34",10N,79W,"6",40.79381,-106.24914,394617,4516619,1336,151.801737278315
229,"05706521","057","06521","05-057-06521",95245,WELLSTAR CORPORATION,14-22H,Three Rivers Unit,14-22H Three Rivers Unit,,,8395,,,99999,WILDCAT,430228,WELL,AL,LO,2016/12/21,PLANNED LatLong,430229,Three Rivers Unit 14-22H,177,N,326,E,NENE,"22",8N,78W,"6",40.655659,-106.123099,405055,4501139,1405,126.076149633376
231,"05706634","057","06634","05-057-06634",10805,FULCRUM ENERGY OPERATING LLC,5-4H,SU 0680,5-4H SU 0680,,,8267,,,60120,NORTH PARK HORIZONTAL NIOBRARA,484563,WELL,AL,,2024/08/15,PLANNED LatLong,445005,Surprise Unit 0680 S9,569,N,1597,W,NENW,"9",6N,80W,"6",40.510156,-106.38477,382679,4485303,990,197.270961970585
235,"05706201","057","06201","05-057-06201",19160,CONOCO PHILLIPS COMPANY,"2",CONOCO FEDERAL 17,2 CONOCO FEDERAL 17,,,8190,,,53450,MCCALLUM SOUTH,212308,WELL,AL,LO,1984/01/23,Planned Footage,383921,CONOCO FEDERAL 17-69N78W 17NENE,1225,N,1056,E,NENE,"17",9N,78W,"6",40.753073,-106.168539,401357,4512003,1147,177.220965125542
237,"05706491","057","06491","05-057-06491",95245,WELLSTAR CORPORATION,22-2,SILVER SPUR MINERALS,22-2 SILVER SPUR MINERALS,,,8406,,,99999,WILDCAT,412128,WELL,AL,LO,2011/11/09,PLANNED LatLong,413442,SILVER SPUR MINERALS 22-2,1814,S,1338,E,NWSE,"22",8N,78W,"6",40.646919,-106.126889,404722,4500173,1398,119.663278348285
241,"05705149","057","05149","05-057-05149",1,UNKNOWN,"3",HILL,3 HILL,,,,729,0,99999,WILDCAT,212097,WELL,PA,DA,1999/01/01,Planned Footage,383792,HILL-611N81W 33CNW,0,,0,,CNW,"33",11N,81W,"6",40.88751,-106.50345,373341,4527358,1063,163.397258420916
246,"05706481","057","06481","05-057-06481",27742,EOG RESOURCES INC,1-06H,SPICER,1-06H SPICER,,,8264,,,85251,UNNAMED,298843,WELL,AL,LO,2016/05/26,PLANNED LatLong,324765,SPICER-66N80W 6LOT 8,243,S,1011,W,Lot 8,"6",6N,80W,"6",40.5125,-106.421739,379551,4485613,849,139.591630750683
248,"05706648","057","06648","05-057-06648",10805,FULCRUM ENERGY OPERATING LLC,3-10D SWD,Alcorn 0880,3-10D SWD Alcorn 0880,,,8124,,,99999,WILDCAT,491843,WELL,AP,,2025/10/20,PLANNED LatLong,463987,PRU Alcorn 0880 S10 Pad,626,N,2134,E,NWNE,"10",8N,80W,"6",40.685587,-106.357277,385309,4504741,1341,107.065827677096
251,"05706322","057","06322","05-057-06322",28030,EVERGREEN RESOURCES INC,26-1,EVERGREEN USA,26-1 EVERGREEN USA,,,8149,,,99999,WILDCAT,212429,WELL,AL,LO,1985/05/09,Planned Footage,384019,EVERGREEN USA-610N81W 26NENE,1320,N,1320,E,NENE,"26",10N,81W,"6",40.814811,-106.456748,377141,4519221,892,173.13873239239
259,"05706212","057","06212","05-057-06212",59555,MONSANTO CHEMICAL COMPANY,"5",DWINELL,5 DWINELL,,,8092,,,5680,BATTLESHIP,212319,WELL,AL,LO,1981/05/15,Planned Footage,383932,DWINELL-610N79W 23SWSE,1244,S,2150,E,SWSE,"23",10N,79W,"6",40.819662,-106.228671,396385,4519464,851,64.7630375990671
267,"05706220","057","06220","05-057-06220",19160,CONOCO PHILLIPS COMPANY,"4",SO MCCALLUM FEDERAL 20,4 SO MCCALLUM FEDERAL 20,,,8252,,,53450,MCCALLUM SOUTH,212327,WELL,AL,LO,1985/02/01,Planned Footage,383940,SO MCCALLUM FEDERAL 20-69N78W 20NWNW,660,N,660,W,NWNW,"20",9N,78W,"6",40.739843,-106.181416,400250,4510549,1177,92.0379759250847
272,"05706474","057","06474","05-057-06474",8960,BONANZA CREEK ENERGY OPERATING COMPANY LLC,44-32,CULVER,44-32 CULVER,,,8356,,,99999,WILDCAT,298425,WELL,AL,LO,2011/04/19,PLANNED LatLong,324759,CULVER-69N78W 32SESE,660,S,660,E,SESE,"32",9N,78W,"6",40.70132,-106.16841,401292,4506258,1490,273.999893879392
273,"05706001","057","06001","05-057-06001",3100,ANSCHUTZ CORP0RATION* THE,"2",BLEVINS,2 BLEVINS,,,,,,10100,CANADIAN RIVER,212109,WELL,AL,LO,1969/02/19,Planned Footage,383802,BLEVINS-69N78W 2SWSW,330,S,330,W,SWSW,"2",9N,78W,"6",40.771833,-106.125067,405054,4514038,1129,99.2978297860759
274,"05706643","057","06643","05-057-06643",10805,FULCRUM ENERGY OPERATING LLC,9S-4H9,Janet 0780,9S-4H9 Janet 0780,NOTICE,2025/09/14,8098,,,60120,NORTH PARK HORIZONTAL NIOBRARA,487604,WELL,DG,,2025/09/14,PLANNED LatLong,487288,Janet 0780 S5,378,N,879,E,NENE,"5",7N,80W,"6",40.614117,-106.390488,382377,4496851,727,44.519240802993
279,"05706224","057","06224","05-057-06224",19160,CONOCO PHILLIPS COMPANY,"5",SO MCCALLUM FEDERAL 20,5 SO MCCALLUM FEDERAL 20,,,8346,,,53450,MCCALLUM SOUTH,212331,WELL,AL,LO,1985/02/01,Planned Footage,383944,SO MCCALLUM FEDERAL 20-69N78W 20SENW,1800,N,1980,W,SENW,"20",9N,78W,"6",40.736703,-106.176659,400647,4510195,1351,268.366516160556
281,"05705000","057","05000","05-057-05000",100207,CONTINENTAL OIL COMPANY,"1",GOV 052629,1 GOV 052629,,,8071,,,53300,MCCALLUM,263572,WELL,AL,LO,1951/10/10,PLANNED Footage,383677,MCCALLUM UNIT-69N79W 3SESW,990,S,2310,W,SESW,"3",9N,79W,"6",40.77593,-106.254083,394172,4514640,1308,260.127801009129
284,"05706595","057","06595","05-057-06595",10598,SANDRIDGE EXPLORATION & PRODUCTION LLC,12-12H13,Peters 0781,12-12H13 Peters 0781,,,8130,,,99999,WILDCAT,448971,WELL,AL,LO,2020/03/03,PLANNED LatLong,448834,Grizzly Hebron 12 0881,710,N,26,E,NENE,"12",7N,81W,"6",40.597736,-106.425286,379404,4495080,1256,178.271479860705
289,"05705076","057","05076","05-057-05076",100207,CONTINENTAL OIL COMPANY,"2",HARWOOD,2 HARWOOD,,,8159,7454,,99999,WILDCAT,212029,WELL,PA,DA,1953/08/17,Planned Footage,383741,HARWOOD-69N79W 10NESE,1980,S,660,E,NESE,"10",9N,79W,"6",40.764053,-106.245867,394847,4513312,749,85.3272344427459
296,"05706478","057","06478","05-057-06478",95245,WELLSTAR CORPORATION,15-1,BUSH DRAW FEDERAL,15-1 BUSH DRAW FEDERAL,,,8441,,,99999,WILDCAT,298542,WELL,AL,LO,2016/12/21,PLANNED LatLong,324763,BUSH DRAW FEDERAL 15-1,2022,S,1727,W,NESW,"15",8N,78W,"6",40.661686,-106.134739,404079,4501821,1084,145.048323404506
299,"05705144","057","05144","05-057-05144",47875,KINGWOOD OIL CO,"1",GOVT,1 GOVT,,,8257,,,99999,WILDCAT,212092,WELL,PA,DA,1958/07/02,Planned Footage,383788,GOVT-610N79W 11NENE,0,,0,,NENE,"11",10N,79W,"6",40.857692,-106.221751,397027,4523678,1370,96.8904112408615
301,"05706213","057","06213","05-057-06213",59500,MONSANTO OIL CO,1-A,DWINELL,1-A DWINELL,,,8069,,,5680,BATTLESHIP,212320,WELL,AL,LO,1981/05/15,Planned Footage,383933,DWINELL-610N79W 23NESW,2148,S,2166,W,NESW,"23",10N,79W,"6",40.822222,-106.232181,396093,4519753,1453,182.645654309928
304,"05706537","057","06537","05-057-06537",10805,FULCRUM ENERGY OPERATING LLC,2-32H,Rich,2-32H Rich,,,8205,,,99999,WILDCAT,441212,WELL,AL,LO,2020/08/17,PLANNED LatLong,441213,Rich 2-32H,750,S,2340,E,SWSE,"32",7N,80W,"6",40.528664,-106.396479,381719,4487373,1343,258.028651206856
309,"05706636","057","06636","05-057-06636",10805,FULCRUM ENERGY OPERATING LLC,8-4H,SU 0680,8-4H SU 0680,,,8267,,,60120,NORTH PARK HORIZONTAL NIOBRARA,484565,WELL,AL,,2024/08/15,PLANNED LatLong,445005,Surprise Unit 0680 S9,503,N,1743,W,NENW,"9",6N,80W,"6",40.510332,-106.384243,382724,4485322,1441,159.047754989833
312,"05706548","057","06548","05-057-06548",10805,FULCRUM ENERGY OPERATING LLC,4-17H20,Castle 0780,4-17H20 Castle 0780,,,8149,,,60120,NORTH PARK HORIZONTAL NIOBRARA,444875,WELL,EP,LO,2025/08/14,PLANNED LatLong,324757,Mutual 0780 S17 Pad,337,N,598,W,NWNW,"17",7N,80W,"6",40.583835,-106.40497,381098,4493509,836,130.502005564015
313,"05706420","057","06420","05-057-06420",63270,"NIELSON & ASSOCIATES, INC",12-1N,MCCALLIUM,12-1N MCCALLIUM,,,8176,,,53300,MCCALLUM,261597,WELL,AL,LO,2005/05/09,Planned Footage,384072,MCCALLIUM-69N79W 12SWNW,2250,N,850,W,SWNW,"12",9N,79W,"6",40.766453,-106.2202,397017,4513548,933,86.7816390734915
320,"05706556","057","06556","05-057-06556",10805,FULCRUM ENERGY OPERATING LLC,9-6H31,Marr 0780,9-6H31 Marr 0780,,,8130,,,60120,NORTH PARK HORIZONTAL NIOBRARA,446420,WELL,EP,LO,2021/03/02,PLANNED LatLong,413754,HEBRON/MARR 7,400,N,2406,E,NWNE,"7",7N,80W,"6",40.598361,-106.415631,380222,4495136,1221,82.0403307178505
325,"05705055","057","05055","05-057-05055",200088,CONSOLIDATED SMELT,"1",JACKSON,1 JACKSON,,,8084,2250,,99999,WILDCAT,212009,WELL,PA,DA,1933/12/31,Planned Footage,383726,JACKSON-69N78W 18W2NW,1320,N,660,W,W2NW,"18",9N,78W,"6",40.754004,-106.201038,398615,4512144,880,78.5846497534539
330,"05706471","057","06471","05-057-06471",27742,EOG RESOURCES INC,1-04H,EUREKA,1-04H EUREKA,,,8243,,,85251,UNNAMED,297416,WELL,AL,LO,2016/05/26,PLANNED LatLong,324756,EUREKA-66N80W 4SWSW,364,S,616,W,SWSW,"4",6N,80W,"6",40.512739,-106.388244,382389,4485594,860,51.4615101320589
332,"05706577","057","06577","05-057-06577",10805,FULCRUM ENERGY OPERATING LLC,8-18H,Hebron 0780,8-18H Hebron 0780,,,8208,,,60120,NORTH PARK HORIZONTAL NIOBRARA,447510,WELL,EP,LO,2025/08/21,PLANNED LatLong,447512,Open Range 18,275,S,275,W,Lot 4,"18",7N,80W,"6",40.571183,-106.424225,379446,4492131,1148,169.750116111182
340,"05706573","057","06573","05-057-06573",10598,SANDRIDGE EXPLORATION & PRODUCTION LLC,4-9H4,Gregory 0780,4-9H4 Gregory 0780,,,8125,,,99999,WILDCAT,446920,WELL,AL,LO,2022/08/16,PLANNED LatLong,439603,Gregory 0780 S9 Pad,516,S,207,W,SWSW,"9",7N,80W,"6",40.58613,-106.38726,382601,4493740,971,120.241416845112
341,"05706046","057","06046","05-057-06046",100207,CONTINENTAL OIL COMPANY,"75",MCCALLUM UNIT,75 MCCALLUM UNIT,,,8211,,,53300,MCCALLUM,212153,WELL,AL,LO,1973/03/14,Planned Footage,324656,MCCALLUM UNIT-69N79W 2NESW,1685,S,1700,W,NESW,"2",9N,79W,"6",40.777652,-106.236631,395648,4514810,1199,111.710326621747
342,"05706580","057","06580","05-057-06580",10805,FULCRUM ENERGY OPERATING LLC,6-18H,Hebron 0780,6-18H Hebron 0780,,,8208,,,60120,NORTH PARK HORIZONTAL NIOBRARA,447514,WELL,EP,LO,2025/08/21,PLANNED LatLong,447512,Open Range 18,273,S,245,W,Lot 4,"18",7N,80W,"6",40.571183,-106.424331,379437,4492131,1482,119.94012183866
343,"05705143","057","05143","05-057-05143",200028,KAMPHAUSEN* DAN,"1",GOVT,1 GOVT,,,7964,3529,,99999,WILDCAT,212091,WELL,PA,DA,1955/10/10,Planned Footage,383787,GOVT-610N79W 9SWNW,1650,N,990,W,SWNW,"9",10N,79W,"6",40.856362,-106.273679,392648,4523593,1172,143.503457663144
349,"05706458","057","06458","05-057-06458",8960,BONANZA CREEK ENERGY OPERATING COMPANY LLC,"191",MCCALLUM UNIT,191 MCCALLUM UNIT,,,8210,,,53300,MCCALLUM,279096,WELL,AL,LO,2011/04/19,Planned Footage,324746,MCCALLUM UNIT-69N79W 2SWNW,1901,N,775,W,SWNW,"2",9N,79W,"6",40.781882,-106.239281,395431,4515283,782,149.03598452832
355,"05706524","057","06524","05-057-06524",10598,SANDRIDGE EXPLORATION & PRODUCTION LLC,2-10H,Peterson Ridge Unit,2-10H Peterson Ridge Unit,,,8125,,,99999,WILDCAT,436602,WELL,AL,LO,2016/03/29,PLANNED LatLong,436600,Peterson Ridge Unit 2-10H,616,N,2417,E,NWNE,"10",8N,80W,"6",40.685625,-106.3583,385222,4504746,841,81.0974193114845
361,"05706479","057","06479","05-057-06479",27742,EOG RESOURCES INC,3-06H,DAMFINO,3-06H DAMFINO,,,8216,,,85251,UNNAMED,298841,WELL,AL,LO,2016/09/21,PLANNED LatLong,324764,DAMFINO-66N80W 6SESE,200,S,250,E,SESE,"6",6N,80W,"6",40.512042,-106.410428,380508,4485547,1447,262.124243764757
363,"05706519","057","06519","05-057-06519",8960,BONANZA CREEK ENERGY OPERATING COMPANY LLC,31-8,Culver,31-8 Culver,,,8382,,,99999,WILDCAT,426660,WELL,AL,LO,2015/02/03,PLANNED LatLong,426661,Culver 31-8,700,N,1649,E,NWNE,"8",8N,78W,"6",40.68417,-106.16626,401448,4504352,1016,70.9526779756848
366,"05706417","057","06417","05-057-06417",63270,"NIELSON & ASSOCIATES, INC",2-2N,MCCALLUM,2-2N MCCALLUM,,,8160,,,53300,MCCALLUM,261592,WELL,AL,LO,2005/05/03,Planned Footage,384069,MCCALLUM-69N79W 2SESW,350,S,2739,W,SESW,"2",9N,79W,"6",40.773932,-106.233481,395908,4514394,1306,141.58237177366
367,"05706368","057","06368","05-057-06368",10155,BRIGHT & COMPANY,35-1,FISCHER DRAW UNIT FED,35-1 FISCHER DRAW UNIT FED,,,7979,,,24010,FISCHER DRAW,212474,WELL,AL,LO,1995/06/26,Planned Footage,384047,FISCHER DRAW UNIT FED-611N80W 35SWNE,2008,N,2121,E,SWNE,"35",11N,80W,"6",40.885731,-106.341745,386961,4526939,711,58.6091034947045
369,"05706422","057","06422","05-057-06422",63270,"NIELSON & ASSOCIATES, INC",3-2N,MCCALLUM,3-2N MCCALLUM,,,8125,,,53300,MCCALLUM,261620,WELL,AL,LO,2003/04/22,Planned Footage,384074,MCCALLUM-69N79W 3NWNW,880,N,757,W,NWNW,"3",9N,79W,"6",40.784952,-106.258022,393854,4515646,1330,145.985383141526
372,"05706513","057","06513","05-057-06513",8960,BONANZA CREEK ENERGY OPERATING COMPANY LLC,42-13,Culver,42-13 Culver,,,8316,,,99999,WILDCAT,424017,WELL,AL,LO,2014/03/06,PLANNED LatLong,424002,Culver 42-13,2105,N,379,E,SENE,"13",8N,79W,"6",40.6652,-106.19897,398655,4502283,1323,235.336433976112
378,"05705102","057","05102","05-057-05102",100207,CONTINENTAL OIL COMPANY,"2",POLLACK,2 POLLACK,,,8223,1230,,53300,MCCALLUM,212051,WELL,PA,DA,1927/08/02,Planned Footage,383759,POLLACK-69N79W 2SESE,660,S,725,E,SESE,"2",9N,79W,"6",40.77461,-106.225585,396575,4514460,742,60.4139787605568
383,"05706576","057","06576","05-057-06576",10598,SANDRIDGE EXPLORATION & PRODUCTION LLC,7-18H,Hebron 0780,7-18H Hebron 0780,,,8208,,,99999,WILDCAT,447509,WELL,AL,LO,2022/08/16,PLANNED LatLong,447512,Open Range 18,274,S,260,W,Lot 4,"18",7N,80W,"6",40.571183,-106.424278,379441,4492131,1285,197.201357455844
390,"05706378","057","06378","05-057-06378",76100,SAMEDAN OIL CORPORATION,23-4,CRYSTAL SPRINGS,23-4 CRYSTAL SPRINGS,,,7968,,,99999,WILDCAT,212484,WELL,AL,LO,2004/12/13,Planned Footage,384054,CRYSTAL SPRINGS-610N79W 4NESW,2000,S,1450,W,NESW,"4",10N,79W,"6",40.866321,-106.271433,392854,4524696,1147,123.691840356795
391,"05706574","057","06574","05-057-06574",10598,SANDRIDGE EXPLORATION & PRODUCTION LLC,5-9H4,Gregory 0780,5-9H4 Gregory 0780,,,8125,,,99999,WILDCAT,446921,WELL,AL,LO,2022/08/16,PLANNED LatLong,439603,Gregory 0780 S9 Pad,502,S,200,W,SWSW,"9",7N,80W,"6",40.58609,-106.38729,382598,4493736,834,82.6507689925872
396,"05706456","057","06456","05-057-06456",8960,BONANZA CREEK ENERGY OPERATING COMPANY LLC,"181",MCCALLUM UNIT,181 MCCALLUM UNIT,,,8210,,,53300,MCCALLUM,278455,WELL,AL,LO,2011/04/19,Planned Footage,324745,MCCALLUM UNIT-69N79W 2SWNW,1237,N,85,W,SWNW,"2",9N,79W,"6",40.783732,-106.241471,395249,4515491,770,119.242481958684
403,"05706520","057","06520","05-057-06520",95245,WELLSTAR CORPORATION,41-27H,Three Rivers Unit,41-27H Three Rivers Unit,,,8392,,,99999,WILDCAT,428527,WELL,AL,LO,2017/12/14,PLANNED LatLong,428528,Three Rivers Unit 41-27H,170,N,625,E,NENE,"27",8N,78W,"6",40.641456,-106.124394,404925,4499564,1177,69.4404116738366
405,"05705033","057","05033","05-057-05033",14460,CARTER OIL CO,"1",ABBOTT,1 ABBOTT,,,,,,53450,MCCALLUM SOUTH,211988,WELL,PA,OW,1919/09/27,Planned Footage,383707,ABBOTT-69N78W 27SWSE,660,S,1390,E,SWSE,"27",9N,78W,"6",40.714354,-106.131427,404435,4507664,1005,157.495589020434
411,"05705049","057","05049","05-057-05049",46290,KP KAUFFMAN COMPANY INC,"19",MCCALLUM UNIT,19 MCCALLUM UNIT,,,8230,6845,0,53300,MCCALLUM,212003,WELL,PR,OW,2022/08/01,ACTUAL LatLong,324580,MCCALLUM UNIT-69N79W 13NWSE,2336,S,1733,E,NWSE,"13",9N,79W,"6",40.74967,-106.20969,397878,4511672,871,123.610935880192
412,"05705100","057","05100","05-057-05100",12780,CABEEN EXPL,2-A,BLEVINS A,2-A BLEVINS A,,,8031,2707,,99999,WILDCAT,212049,WELL,PA,GW,1956/04/05,Planned Footage,384091,BLEVINS-69N78W 3SESE,990,S,990,E,SESE,"3",9N,78W,"6",40.773638,-106.129787,404658,4514243,992,103.044300388692
417,"05706569","057","06569","05-057-06569",10598,SANDRIDGE EXPLORATION & PRODUCTION LLC,6-9H4,Gregory 0780,6-9H4 Gregory 0780,,,8125,,,99999,WILDCAT,446916,WELL,AL,LO,2022/08/16,PLANNED LatLong,439603,Gregory 0780 S9 Pad,489,S,193,W,SWSW,"9",7N,80W,"6",40.58605,-106.38731,382596,4493731,865,126.890839027425
422,"05706495","057","06495","05-057-06495",27742,EOG RESOURCES INC,"04-09H",HOMESTEAD,"04-09H HOMESTEAD",,,8121,,,85251,UNNAMED,412826,WELL,AL,LO,2016/05/26,PLANNED LatLong,413833,HOMESTEAD 04-09H,243,S,1084,E,SESE,"9",7N,80W,"6",40.585678,-106.372761,383827,4493671,1125,134.169032684793
434,"05706336","057","06336","05-057-06336",69770,PETROSTATES RESOURCES INC,16-27,FEDERAL,16-27 FEDERAL,,,,,,53450,MCCALLUM SOUTH,212443,WELL,AL,LO,1985/04/04,Planned Footage,384026,FEDERAL-69N78W 27SENE,2200,N,500,E,SENE,"27",9N,78W,"6",40.721204,-106.128307,404708,4508421,825,77.9734115076218
443,"05706221","057","06221","05-057-06221",19162,CONOCO INC,"110",MCCALLUM UNIT,110 MCCALLUM UNIT,,,8059,,,53300,MCCALLUM,212328,WELL,AL,LO,1981/10/26,Planned Footage,383941,MCCALLUM UNIT-610N79W 34NESW,2043,S,2294,W,NESW,"34",10N,79W,"6",40.792872,-106.251882,394385,4516518,1184,107.856044099128
448,"05706345","057","06345","05-057-06345",19160,CONOCO PHILLIPS COMPANY,"121",MCCALLUM UNIT,121 MCCALLUM UNIT,,,8167,,,53300,MCCALLUM,212451,WELL,AL,LO,1986/08/06,Planned Footage,384031,MCCALLUM UNIT-69N79W 12SWSE,250,S,2500,E,SWSE,"12",9N,79W,"6",40.758643,-106.21235,397667,4512672,1080,174.049229276787
451,"05740001","057","40001","05-057-40001",200023,CAZORT JR* LEE,"1",NEWTON,1 NEWTON,,,,,,10100,CANADIAN RIVER,212489,WELL,AL,LO,1958/11/24,Planned Footage,384093,NEWTON-69N78W 10SESE,1320,S,1320,E,SESE,"10",9N,78W,"6",40.760073,-106.131057,404531,4512739,741,84.7630776114532
459,"05706312","057","06312","05-057-06312",63455,NOFFSINGER MANUFACTURING CO,9A-SR,"BLEVINS ""A""","9A-SR BLEVINS ""A""",,,8057,202,202,10100,CANADIAN RIVER,212419,WELL,PA,DA,1996/11/10,Planned Footage,384010,"BLEVINS ""A""-69N78W 11NENW",886,N,2440,W,NENW,"11",9N,78W,"6",40.768423,-106.117457,405691,4513651,1403,92.7047153626171
466,"05706550","057","06550","05-057-06550",95245,WELLSTAR CORPORATION,15-1,Three Rivers Unit,15-1 Three Rivers Unit,,,8286,,,99999,WILDCAT,444988,WELL,AL,LO,2018/05/24,PLANNED LatLong,444989,Three Rivers Unit 15-1,605,N,1012,E,NENE,"15",8N,78W,"6",40.669054,-106.126353,404799,4502630,1218,165.329662452725
474,"05706202","057","06202","05-057-06202",19160,CONOCO PHILLIPS COMPANY,"108",MC CALLUM UNIT,108 MC CALLUM UNIT,,,8251,,,53300,MCCALLUM,212309,WELL,AL,LO,1985/03/05,Planned Footage,383922,MC CALLUM UNIT-69N78W 18SESW,938,S,2340,W,SESW,"18",9N,78W,"6",40.745013,-106.195319,399084,4511139,1391,94.322353037988
479,"05706504","057","06504","05-057-06504",24461,DIVERSIFIED OPERATING CORPORATION,36-3,STATE FEDERAL,36-3 STATE FEDERAL,,,8425,,,11475,COALMONT,413302,WELL,AL,LO,2012/04/06,PLANNED LatLong,414133,STATE FEDERAL 36-3,305,N,1080,W,NWNW`,"36",7N,81W,"6",40.5404,-106.4403,378029,4488736,1489,167.895056542794
483,"05705208","057","05208","05-057-05208",46290,KP KAUFFMAN COMPANY INC,"33",MCCALLUM UNIT,33 MCCALLUM UNIT,,,8109,6210,0,53300,MCCALLUM,212105,WELL,PR,CO2,2018/01/01,ACTUAL LatLong,324597,MCCALLUM UNIT-69N79W 4SENE,1900,N,1200,E,SENE,"4",9N,79W,"6",40.78239,-106.26614,393165,4515372,1400,155.224497258393
484,"05706089","057","06089","05-057-06089",11988,BURTON/HAWKS,"10",MARGARET SPAULDING,10 MARGARET SPAULDING,,,8812,,,51375,LONE PINE,212196,WELL,AL,LO,1974/04/09,Planned Footage,383850,MARGARET SPAULDING-69N81W 33SENE,2472,N,73,E,SENE,"33",9N,81W,"6",40.709882,-106.492048,373966,4507622,1185,218.397325676826
488,"05706128","057","06128","05-057-06128",24461,DIVERSIFIED OPERATING CORPORATION,29-12-7,DIAMOND,29-12-7 DIAMOND,,,7982,7375,7375,54700,MICHIGAN RIVER,212235,WELL,PA,OW,2006/01/06,ACTUAL LatLong,383874,DIAMOND-610N79W 29NWSW,1992,S,666,W,NWSW,"29",10N,79W,"6",40.8084,-106.29576,390708,4518296,1326,186.640361294259
489,"05706610","057","06610","05-057-06610",10598,SANDRIDGE EXPLORATION & PRODUCTION LLC,4-11H14,Boyer Ridge 0781,4-11H14 Boyer Ridge 0781,,,8159,,,99999,WILDCAT,454049,WELL,EP,LO,2020/02/14,PLANNED LatLong,437074,Grizzly 0781 S11 Pad,426,N,2421,W,NWNE,"11",7N,81W,"6",40.598491,-106.452887,377069,4495202,1029,80.2290993603832
492,"05706571","057","06571","05-057-06571",10805,FULCRUM ENERGY OPERATING LLC,8-8H,Mutual 0780,8-8H Mutual 0780,,,8118,,,60120,NORTH PARK HORIZONTAL NIOBRARA,446918,WELL,EP,LO,2025/06/30,PLANNED LatLong,439603,Gregory 0780 S9 Pad,515,S,207,W,SWSW,"9",7N,80W,"6",40.586128,-106.387262,382601,4493740,1334,76.2336581178342
500,"05706579","057","06579","05-057-06579",10805,FULCRUM ENERGY OPERATING LLC,9-18H,Hebron 0780,9-18H Hebron 0780,,,8208,,,60120,NORTH PARK HORIZONTAL NIOBRARA,447513,WELL,EP,LO,2025/08/21,PLANNED LatLong,447512,Open Range 18,276,S,290,W,Lot 4,"18",7N,80W,"6",40.571183,-106.424169,379450,4492131,1088,117.056976959703
501,"05706485","057","06485","05-057-06485",8960,BONANZA CREEK ENERGY OPERATING COMPANY LLC,11-18,CULVER,11-18 CULVER,,,8279,,,99999,WILDCAT,299300,WELL,AL,LO,2011/09/28,PLANNED LatLong,324768,CULVER-68N78W 18NWNW,659,N,660,W,NWNW,"18",8N,78W,"6",40.66919,-106.19518,398982,4502722,1339,85.2099094354506
510,"05706639","057","06639","05-057-06639",10805,FULCRUM ENERGY OPERATING LLC,12S-4H9,Janet 0780,12S-4H9 Janet 0780,NOTICE,2025/09/28,8098,,,60120,NORTH PARK HORIZONTAL NIOBRARA,487600,WELL,DG,,2025/09/28,PLANNED LatLong,487288,Janet 0780 S5,377,N,819,E,NENE,"5",7N,80W,"6",40.614118,-106.390272,382395,4496851,956,127.824241255158
513,"05706275","057","06275","05-057-06275",13320,CANAAN OIL & GAS INC,"2",DODGE RANCH,2 DODGE RANCH,,,8067,,,10100,CANADIAN RIVER,212382,WELL,PA,DA,1983/01/10,Planned Footage,383984,DODGE RANCH-69N78W 13SENE,2060,N,1255,E,SENE,"13",9N,78W,"6",40.750533,-106.092706,407755,4511639,1370,257.16309784439
517,"05706319","057","06319","05-057-06319",90680,TWENTIETH CENTURY CORP,12-6,STATE,12-6 STATE,,,8300,,,10100,CANADIAN RIVER,212426,WELL,AL,LO,1984/12/07,Planned Footage,384017,STATE-69N78W 12SWSW,526,S,516,W,SWSW,"12",9N,78W,"6",40.757613,-106.105507,406685,4512438,736,94.1767504007526
518,"05706568","057","06568","05-057-06568",10805,FULCRUM ENERGY OPERATING LLC,5-8H,Mutual 0780,5-8H Mutual 0780,,,8118,,,60120,NORTH PARK HORIZONTAL NIOBRARA,446904,WELL,EP,LO,2025/06/30,PLANNED LatLong,439603,Gregory 0780 S9 Pad,476,S,187,W,SWSW,"9",7N,80W,"6",40.586017,-106.387336,382594,4493728,1296,102.533228894951
519,"05706511","057","06511","05-057-06511",8960,BONANZA CREEK ENERGY OPERATING COMPANY LLC,43-11,Culver,43-11 Culver,,,8272,,,99999,WILDCAT,424000,WELL,AL,LO,2014/03/06,PLANNED LatLong,424025,Culver 43-11,1994,S,612,E,NESE,"11",8N,79W,"6",40.67659,-106.21891,396987,4503571,991,173.447953465459
529,"05706064","057","06064","05-057-06064",80650,SOHIO PETR CO AKA STANDARD OIL,"1",U S GOVT,1 U S GOVT,,,8552,3160,0,99999,WILDCAT,212171,WELL,PA,DA,1972/12/05,Planned Footage,383829,U S GOVT-611N81W 27SWNW,1990,N,669,W,SWNW,"27",11N,81W,"6",40.90031,-106.48544,374882,4528753,963,120.826000156776
543,"05706487","057","06487","05-057-06487",10232,LARAMIE ENERGY II LLC,18-07,FUGUA,18-07 FUGUA,,,8585,,,99999,WILDCAT,299901,WELL,AL,LO,2011/06/16,PLANNED LatLong,324770,FUGUA-66N78W 18SWNE,1987,N,2037,E,SWNE,"18",6N,78W,"6",40.491869,-106.185023,399575,4483027,1245,197.697791174452
546,"05740000","057","40000","05-057-40000",74533,RICHARDSON ENTERPRISES,"4",DOWEL,4 DOWEL,,,,,,99999,WILDCAT,212488,WELL,PA,DA,1990/08/01,Planned Footage,384092,DOWEL-610N79W 12SENE,1980,N,660,E,SENE,"12",10N,79W,"6",40.853572,-106.202591,398636,4523198,1024,202.401745592846
549,"05705104","057","05104","05-057-05104",19160,CONOCO PHILLIPS COMPANY,10 SWD,MCCALLUM UNIT,10 SWD MCCALLUM UNIT,,,8071,5961,,53300,MCCALLUM,212053,WELL,PA,ERI,1986/09/22,Planned Footage,383677,MCCALLUM UNIT-69N79W 3SESW,990,S,2310,W,SESW,"3",9N,79W,"6",40.775932,-106.253831,394193,4514640,1170,101.14845720246
559,"05706032","057","06032","05-057-06032",46290,KP KAUFFMAN COMPANY INC,"51",MCCALLUM UNIT,51 MCCALLUM UNIT,,,8120,835,0,53300,MCCALLUM,212139,WELL,PR,OW,2019/11/01,ACTUAL LatLong,324611,MCCALLUM UNIT-69N79W 3NENE,212,N,400,E,NENE,"3",9N,79W,"6",40.7865,-106.24278,395143,4515800,1496,235.379248525234
564,"05706276","057","06276","05-057-06276",13320,CANAAN OIL & GAS INC,"3",DODGE RANCH,3 DODGE RANCH,,,8069,,,10100,CANADIAN RIVER,212383,WELL,PA,DA,1983/01/10,Planned Footage,383985,DODGE RANCH-69N78W 13SENE,2001,N,950,E,SENE,"13",9N,78W,"6",40.750703,-106.091606,407848,4511656,1008,201.350179439118
568,"05705114","057","05114","05-057-05114",100207,CONTINENTAL OIL COMPANY,"1",OGARA,1 OGARA,,,8115,7007,,53300,MCCALLUM,212062,WELL,PA,DA,1952/03/16,Planned Footage,383766,OGARA-69N79W 4SWNE,2236,N,1996,E,SWNE,"4",9N,79W,"6",40.781372,-106.268542,392961,4515262,1455,101.143064211744
569,"05706013","057","06013","05-057-06013",46290,KP KAUFFMAN COMPANY INC,"39",MCCALLUM UNIT,39 MCCALLUM UNIT,,,8207,1520,1520,53300,MCCALLUM,212120,WELL,PR,OW,2021/09/01,ACTUAL LatLong,324601,MCCALLUM UNIT-69N79W 3SWNE,1570,N,1700,E,SWNE,"3",9N,79W,"6",40.782778,-106.248444,394659,4515394,1078,115.903153375701
577,"05706346","057","06346","05-057-06346",19162,CONOCO INC,"122",MCCALLUM UNIT,122 MCCALLUM UNIT,,,8097,,,53300,MCCALLUM,212452,WELL,AL,LO,1986/05/01,Planned Footage,384032,MCCALLUM UNIT-69N79W 13NWNE,100,N,1500,E,NWNE,"13",9N,79W,"6",40.757613,-106.20876,397969,4512553,962,78.0701572113474
585,"05706391","057","06391","05-057-06391",63270,"NIELSON & ASSOCIATES, INC",UNIT 141,MCCALLUM,UNIT 141 MCCALLUM,,,8209,,,53300,MCCALLUM,257506,WELL,AL,LO,2005/05/03,Planned Footage,384059,MCCALLUM-69N79W 2SENW,2266,N,2648,W,SENW,"2",9N,79W,"6",40.780762,-106.232681,395986,4515151,959,49.5765810481291
589,"05706347","057","06347","05-057-06347",19160,CONOCO PHILLIPS COMPANY,"123",MCCALLUM UNIT,123 MCCALLUM UNIT,,,8100,,,53300,MCCALLUM,212453,WELL,AL,LO,1986/05/01,Planned Footage,384033,MCCALLUM UNIT-69N79W 13NENE,700,N,800,E,NENE,"13",9N,79W,"6",40.755923,-106.20628,398176,4512363,1071,57.511200895806
591,"05706525","057","06525","05-057-06525",10598,SANDRIDGE EXPLORATION & PRODUCTION LLC,7-10H,Peterson Ridge Unit,7-10H Peterson Ridge Unit,,,8121,,,99999,WILDCAT,436603,WELL,AL,LO,2016/03/29,PLANNED LatLong,436600,Peterson Ridge Unit 2-10H,574,N,1903,E,NWNE,"10",8N,80W,"6",40.685722,-106.356444,385379,4504755,770,73.5297834206101
605,"05706529","057","06529","05-057-06529",10598,SANDRIDGE EXPLORATION & PRODUCTION LLC,3-11H14,Boyer Ridge 0781,3-11H14 Boyer Ridge 0781,,,8159,,,99999,WILDCAT,437076,WELL,EP,LO,2020/02/14,PLANNED LatLong,437074,Grizzly 0781 S11 Pad,411,N,2421,E,NWNE,"11",7N,81W,"6",40.598532,-106.452888,377069,4495206,1173,168.90081569566
610,"05706517","057","06517","05-057-06517",27742,EOG RESOURCES INC,"01-36H",MacFarlane,"01-36H MacFarlane",,,8356,,,99999,WILDCAT,426425,WELL,AL,LO,2016/05/26,PLANNED LatLong,426427,MacFarlane 01-36H,549,N,316,E,NENE,"36",7N,80W,"6",40.539481,-106.313036,388805,4488465,1015,102.48914912215
625,"05705150","057","05150","05-057-05150",1,UNKNOWN,"1",FEE,1 FEE,,,,606,0,99999,WILDCAT,212098,WELL,PA,DA,1999/01/01,Planned Footage,383793,FEE-611N81W 29SESE,0,,0,,SESE,"29",11N,81W,"6",40.89302,-106.510351,372770,4527979,1115,90.5192063599736
630,"05706518","057","06518","05-057-06518",8960,BONANZA CREEK ENERGY OPERATING COMPANY LLC,31-6,Culver,31-6 Culver,,,8293,,,99999,WILDCAT,426556,WELL,AL,LO,2014/04/07,PLANNED LatLong,426558,Culver 31-6,77,N,2363,E,Lot 2,"6",8N,78W,"6",40.69948,-106.18709,399711,4506075,1490,241.379386125208
631,"05706533","057","06533","05-057-06533",46290,KP KAUFFMAN COMPANY INC,22-6H,SMU,22-6H SMU,,,8377,,,53450,MCCALLUM SOUTH,438316,WELL,AL,LO,2018/06/29,PLANNED LatLong,438317,SMU 22-6H,28,S,347,W,SWSW,"22",9N,78W,"6",40.727552,-106.144315,403365,4509143,917,66.4246815762246
634,"05740021","057","40021","05-057-40021",1,UNKNOWN,"2",GOVERNMENT-ROGERS,2 GOVERNMENT-ROGERS,NOTICE,1964/05/19,,30,,53450,MCCALLUM SOUTH,294645,WELL,PA,DA,2008/02/25,PLANNED Footage,384095,GOVERNMENT-ROGERS-69N78W 20SWNW,1980,N,660,W,SWNW,"20",9N,78W,"6",40.736219,-106.181375,400248,4510147,1241,170.757505503871
637,"05706468","057","06468","05-057-06468",27742,EOG RESOURCES INC,2-05H,SURPRISE,2-05H SURPRISE,,,8187,,,85251,UNNAMED,296566,WELL,AL,LO,2016/05/26,PLANNED LatLong,324753,SURPRISE-66N80W 5SWSE,573,S,1437,E,SWSE,"5",6N,80W,"6",40.51325,-106.395606,381766,4485661,978,178.97761137065
647,"05706534","057","06534","05-057-06534",10805,FULCRUM ENERGY OPERATING LLC,2-17H20R,Castle 0780,2-17H20R Castle 0780,,,8149,,,60120,NORTH PARK HORIZONTAL NIOBRARA,438841,WELL,EP,LO,2025/08/14,PLANNED LatLong,324757,Mutual 0780 S17 Pad,338,N,568,W,NWNW,"17",7N,80W,"6",40.583835,-106.405077,381089,4493509,1338,232.686761331953
657,"05706599","057","06599","05-057-06599",10598,SANDRIDGE EXPLORATION & PRODUCTION LLC,2-23H35,REU 0681,2-23H35 REU 0681,,,8308,,,99999,WILDCAT,449276,WELL,AL,LO,2019/04/16,PLANNED LatLong,449274,Rabbit Ears 0681 23,1672,N,2332,E,SWNE,"23",6N,81W,"6",40.477121,-106.454316,376726,4481731,831,84.9164317097655
659,"05706421","057","06421","05-057-06421",63270,"NIELSON & ASSOCIATES, INC",4-1N,MCCALLUM,4-1N MCCALLUM,,,8098,,,53300,MCCALLUM,261635,WELL,AL,LO,2005/05/03,Planned Footage,384073,MCCALLUM-69N79W 4NWNE,950,N,1807,E,NWNE,"4",9N,79W,"6",40.784872,-106.267302,393071,4515649,732,118.789927219579
661,"05706470","057","06470","05-057-06470",10450,EE3 LLC,3-19H,MUTUAL,3-19H MUTUAL,,,8179,,,85251,UNNAMED,296572,WELL,AL,LO,2016/04/04,PLANNED LatLong,324755,MUTUAL-67N80W 19SWSE,320,S,1843,E,SWSE,"19",7N,80W,"6",40.556336,-106.414097,380276,4490469,707,117.239548132728
674,"05706266","057","06266","05-057-06266",69057,PETRO ROUTT INC,2-31,FEDERAL,2-31 FEDERAL,,,8295,,,99999,WILDCAT,212373,WELL,AL,LO,1984/02/01,Planned Footage,383979,FEDERAL-69N81W 31SESW,450,S,1724,W,SESW,"31",9N,81W,"6",40.703882,-106.54291,369658,4507031,1226,69.646608250378
694,"05706248","057","06248","05-057-06248",63925,NORTH PARK ENERGY INC,SR 31,BLEVINS B,SR 31 BLEVINS B,,,8056,,,10100,CANADIAN RIVER,212355,WELL,AL,LO,1983/01/14,Planned Footage,383965,BLEVINS B-69N78W 3SENE,2447,N,480,E,SENE,"3",9N,78W,"6",40.778853,-106.12794,404821,4514820,1032,188.253539931235
698,"05706418","057","06418","05-057-06418",63270,"NIELSON & ASSOCIATES, INC",3-1N,MCCALLUM,3-1N MCCALLUM,,,8199,,,53300,MCCALLUM,261595,WELL,AL,LO,2005/05/03,Planned Footage,384070,MCCALLUM-69N79W 3NWNE,500,N,1984,E,NWNE,"3",9N,79W,"6",40.785852,-106.248611,394650,4515735,806,138.869045815333
701,"05706293","057","06293","05-057-06293",63925,NORTH PARK ENERGY INC,NP-2,DODGE RANCH,NP-2 DODGE RANCH,,,8142,,,99999,WILDCAT,212400,WELL,AL,LO,1983/10/15,Planned Footage,383998,DODGE RANCH-69N77W 18SWNE,2627,N,2039,E,SWNE,"18",9N,77W,"6",40.749104,-106.075476,409208,4511462,917,117.144313000816
703,"05705028","057","05028","05-057-05028",1,UNKNOWN,"1",MESMAN,1 MESMAN,,,8335,325,,53450,MCCALLUM SOUTH,211985,WELL,PA,DA,1933/08/19,Planned Footage,383704,MESMAN-69N78W 33SWSW,660,S,660,W,SWSW,"33",9N,78W,"6",40.701098,-106.163562,401701,4506228,1012,138.377250029886
710,"05706199","057","06199","05-057-06199",19160,CONOCO PHILLIPS COMPANY,"2",CONOCO FEDERAL 27,2 CONOCO FEDERAL 27,,,8378,,,53450,MCCALLUM SOUTH,212306,WELL,AL,LO,1985/10/03,Planned Footage,383919,CONOCO FEDERAL 27-69N78W 27NENW,950,N,2080,W,NENW,"27",9N,78W,"6",40.724673,-106.138207,403877,4508817,986,119.294623002851
713,"05706475","057","06475","05-057-06475",8960,BONANZA CREEK ENERGY OPERATING COMPANY LLC,44-11,CULVER,44-11 CULVER,,,8287,,,99999,WILDCAT,298519,WELL,AL,LO,2011/04/19,PLANNED LatLong,324760,CULVER-68N79W 11SESE,660,S,660,E,SESE,"11",8N,79W,"6",40.67295,-106.21894,396979,4503167,1065,141.159403949438
723,"05706570","057","06570","05-057-06570",10805,FULCRUM ENERGY OPERATING LLC,6-8H,Mutual 0780,6-8H Mutual 0780,,,8118,,,60120,NORTH PARK HORIZONTAL NIOBRARA,446917,WELL,EP,LO,2025/06/30,PLANNED LatLong,439603,Gregory 0780 S9 Pad,489,S,194,W,SWSW,"9",7N,80W,"6",40.586054,-106.387311,382596,4493732,953,90.5066040755743
730,"05706607","057","06607","05-057-06607",10805,FULCRUM ENERGY OPERATING LLC,3-6H31,Marr 0780,3-6H31 Marr 0780,,,8130,,,60120,NORTH PARK HORIZONTAL NIOBRARA,452918,WELL,EP,LO,2021/03/02,PLANNED LatLong,413754,HEBRON/MARR 7,359,N,2388,E,NWNE,"7",7N,80W,"6",40.598475,-106.415564,380227,4495148,1188,130.853084456568
734,"05706147","057","06147","05-057-06147",100207,CONTINENTAL OIL COMPANY,"1",CONOCO-FEDERAL 19,1 CONOCO-FEDERAL 19,,,7990,,,54700,MICHIGAN RIVER,212254,WELL,AL,LO,1978/04/10,Planned Footage,383886,CONOCO-FEDERAL 19-610N79W 19NESE,2018,S,669,E,NESE,"19",10N,79W,"6",40.822931,-106.300053,390370,4519914,741,135.485249821471
738,"05705061","057","05061","05-057-05061",36600,GULF OIL CORPORATION,"2",BALLINGER GOVT,2 BALLINGER GOVT,,,8104,5481,,53450,MCCALLUM SOUTH,212015,WELL,PA,DA,1958/10/09,Planned Footage,383732,BALLINGER-FEDERAL-69N78W 8SESW,660,S,1880,W,SESW,"8",9N,78W,"6",40.758263,-106.177119,400641,4512589,1217,191.941041362159
739,"05705085","057","05085","05-057-05085",11050,TOM BROWN INC,"1",BLEVINS,1 BLEVINS,,,8050,1593,,10100,CANADIAN RIVER,212037,WELL,PA,GW,1996/09/30,Planned Footage,383803,BLEVINS-69N78W 11NENW,965,N,1721,W,NENW,"11",9N,78W,"6",40.768238,-106.120009,405475,4513633,1009,152.764433700157
740,"05706096","057","06096","05-057-06096",11988,BURTON/HAWKS,"13",MARGARET SPAULDING,13 MARGARET SPAULDING,,,8354,,,51375,LONE PINE,212203,WELL,AL,LO,1974/04/09,Planned Footage,383853,MARGARET SPAULDING-69N81W 33SWNE,2460,N,1620,E,SWNE,"33",9N,81W,"6",40.709992,-106.497618,373495,4507643,838,66.7709341273311
747,"05706624","057","06624","05-057-06624",10728,GULF EXPLORATION LLC,2-32,Eagle Hill,2-32 Eagle Hill,,,8187,,,99999,WILDCAT,466704,WELL,EP,LO,2021/08/13,PLANNED LatLong,466703,Eagle Hill 2-32 Pad,1860,N,951,E,SE NE,"32",10N,78W,"6",40.795574,-106.16779,401483,4516720,933,170.909195640747
749,"05705147","057","05147","05-057-05147",1,UNKNOWN,"1",HUNTER,1 HUNTER,,,,4407,0,99999,WILDCAT,212095,WELL,PA,DA,1999/01/01,Planned Footage,383791,HUNTER-611N79W,0,,0,,,"31",11N,79W,"6",40.876621,-106.315134,389188,4525893,784,50.7987880920974
756,"05706132","057","06132","05-057-06132",1,UNKNOWN,1-2,BLEVINS,1-2 BLEVINS,,,8053,,,10100,CANADIAN RIVER,212239,WELL,AL,LO,1977/01/24,Planned Footage,383905,STREIT RANCH-69N78W 2SWSW,996,S,996,W,SWSW,"2",9N,78W,"6",40.773643,-106.122657,405260,4514236,1106,195.363083408771
757,"05705748","057","05748","05-057-05748",1,UNKNOWN,"2",HILL,2 HILL,,,7874,1250,0,99999,WILDCAT,212108,WELL,PA,DA,1999/01/01,Planned Footage,383801,HILL-611N81W 33NWNW,0,,0,,NWNW,"33",11N,81W,"6",40.88934,-106.50579,373147,4527564,814,73.6730028099819
762,"05706563","057","06563","05-057-06563",10598,SANDRIDGE EXPLORATION & PRODUCTION LLC,8-16H,Ray Ranch 0780,8-16H Ray Ranch 0780,,,8138,,,99999,WILDCAT,446807,WELL,AL,LO,2019/04/02,PLANNED LatLong,446527,Pintail 16,1311,S,1628,W,NESW,"16",7N,80W,"6",40.573847,-106.382212,383007,4492370,1367,145.475967129412
763,"05706486","057","06486","05-057-06486",8960,BONANZA CREEK ENERGY OPERATING COMPANY LLC,41-13,CULVER,41-13 CULVER,,,8277,,,99999,WILDCAT,299343,WELL,AL,LO,2011/09/28,PLANNED LatLong,324769,CULVER-68N79W 13NENE,678,N,651,E,NENE,"13",8N,79W,"6",40.66913,-106.19991,398582,4502721,1480,171.339949487652
766,"05706352","057","06352","05-057-06352",7850,BERGE EXPLORATION INC,"4",CODY,4 CODY,,,8037,,,5680,BATTLESHIP,212458,WELL,AL,LO,1988/07/12,Planned Footage,384036,CODY-610N79W 22SENE,1692,N,117,E,SENE,"22",10N,79W,"6",40.826042,-106.240221,395421,4520186,1242,225.456132882571
774,"05706219","057","06219","05-057-06219",19160,CONOCO PHILLIPS COMPANY,"7",SO MCCALLUM FEDERAL 21,7 SO MCCALLUM FEDERAL 21,,,8269,,,53450,MCCALLUM SOUTH,212326,WELL,AL,LO,1980/12/15,Planned Footage,383939,SO MCCALLUM FEDERAL 21-69N78W 21SWSE,660,S,1980,E,SWSE,"21",9N,78W,"6",40.729093,-106.152788,402652,4509324,1235,131.625271910875
786,"05705151","057","05151","05-057-05151",1,UNKNOWN,"1",HILL,1 HILL,,,8295,1462,0,99999,WILDCAT,212099,WELL,PA,DA,1999/01/01,Planned Footage,383794,HILL-611N81W 21NESW,0,,0,,NESW,"21",11N,81W,"6",40.911139,-106.49918,373745,4529975,1080,114.464504904789
788,"05706645","057","06645","05-057-06645",10805,FULCRUM ENERGY OPERATING LLC,8S-4H9,Janet 0780,8S-4H9 Janet 0780,,,8098,,,60120,NORTH PARK HORIZONTAL NIOBRARA,487606,WELL,AP,,2024/08/19,PLANNED LatLong,487288,Janet 0780 S5,378,N,899,E,NENE,"5",7N,80W,"6",40.614116,-106.39056,382371,4496851,1317,244.759554271836
789,"05706512","057","06512","05-057-06512",8960,BONANZA CREEK ENERGY OPERATING COMPANY LLC,34-2,Culver,34-2 Culver,,,8257,,,99999,WILDCAT,424007,WELL,AL,LO,2014/03/06,PLANNED LatLong,424003,Culver 34-2,400,S,2291,E,SWSE,"2",8N,79W,"6",40.68678,-106.22499,396489,4504709,1484,125.396879603507
798,"05706642","057","06642","05-057-06642",10805,FULCRUM ENERGY OPERATING LLC,11S-4H9,Janet 0780,11S-4H9 Janet 0780,NOTICE,2025/09/23,8098,,,60120,NORTH PARK HORIZONTAL NIOBRARA,487603,WELL,DG,,2025/09/23,PLANNED LatLong,487288,Janet 0780 S5,377,N,839,E,NENE,"5",7N,80W,"6",40.614118,-106.390344,382389,4496851,890,98.9266510535504
802,"05706301","057","06301","05-057-06301",69057,PETRO ROUTT INC,32-1,SPRING GULCH,32-1 SPRING GULCH,,,8327,,,99999,WILDCAT,212408,WELL,AL,LO,1984/06/15,Planned Footage,384002,SPRING GULCH-69N81W 32NWSW,1980,S,660,W,NWSW,"32",9N,81W,"6",40.707962,-106.527379,370977,4507461,1173,209.384269719371
803,"05740020","057","40020","05-057-40020",100207,CONTINENTAL OIL COMPANY,"1",HOYE,1 HOYE,,,8242,,,53450,MCCALLUM SOUTH,294711,WELL,PA,DA,1927/06/19,ECMC GIS Online,466404,HOYE 9N78W 34SENE,,,,,SENE,"34",9N,78W,"6",40.707827,-106.129881,404556,4506938,1304,166.640566054918
804,"05706622","057","06622","05-057-06622",10805,FULCRUM ENERGY OPERATING LLC,6-6H31,Damfino 0680,6-6H31 Damfino 0680,,,8219,,,60120,NORTH PARK HORIZONTAL NIOBRARA,463986,WELL,AL,LO,2023/02/08,PLANNED LatLong,416625,Surprise-Damfino S6 Pad,400,S,2189,E,Lot 11,"6",6N,80W,"6",40.512612,-106.417376,379921,4485620,1384,91.009109267197
805,"05706119","057","06119","05-057-06119",33050,GASCO INC,1-11,BLEVINS,1-11 BLEVINS,,,8050,,,10100,CANADIAN RIVER,212226,WELL,AL,LO,1977/06/03,Planned Footage,383869,BLEVINS-69N78W 11SESE,1000,S,332,E,SESE,"11",9N,78W,"6",40.758933,-106.108567,406428,4512588,1251,193.123998610329
806,"05706211","057","06211","05-057-06211",59555,MONSANTO CHEMICAL COMPANY,"6",DWINELL,6 DWINELL,,,8063,,,5680,BATTLESHIP,212318,WELL,AL,LO,1981/05/15,Planned Footage,383931,DWINELL-610N79W 23SESE,660,S,990,E,SESE,"23",10N,79W,"6",40.817962,-106.224541,396730,4519271,730,115.411996630792
